{"accuracy": [0.6682808995246887, 0.7714285850524902, 0.8179177045822144, 0.8382566571235657, 0.8886198401451111, 0.9239709377288818, 0.9443099498748779, 0.9617433547973633, 0.9845036268234253], "loss": [0.8773066401481628, 0.5510345101356506, 0.4599209725856781, 0.39570266008377075, 0.30495649576187134, 0.2157105952501297, 0.15546634793281555, 0.1223486140370369, 0.04938497766852379], "val_accuracy": [0.7987499833106995, 0.8162500262260437, 0.831250011920929, 0.8274999856948853, 0.8262500166893005, 0.8675000071525574, 0.8612499833106995, 0.8650000095367432, 0.8849999904632568], "val_loss": [0.5822000503540039, 0.4981735348701477, 0.4515608847141266, 0.4478725492954254, 0.5188186168670654, 0.412006676197052, 0.42208531498908997, 0.514835000038147, 0.5601312518119812], "learning_rate": [9.999999747378752e-05, 9.999999747378752e-05, 9.999999747378752e-05, 9.999999747378752e-05, 9.999999747378752e-05, 9.999999747378752e-05, 9.999999747378752e-05, 9.999999747378752e-05, 2.9999999242136255e-05]}