{"accuracy": [0.6615012288093567, 0.7602905631065369, 0.7544794082641602, 0.826150119304657, 0.8416464924812317, 0.8624697327613831, 0.8382566571235657, 0.8644067645072937, 0.8837772607803345, 0.8929781913757324, 0.8958837985992432, 0.8944309949874878, 0.9041162133216858], "loss": [1.1475633382797241, 0.7968557476997375, 1.0048258304595947, 0.7063342332839966, 0.5280575156211853, 0.4507155120372772, 0.7176251411437988, 0.4527479112148285, 0.40856319665908813, 0.3714565634727478, 0.34997114539146423, 0.41365450620651245, 0.29882803559303284], "val_accuracy": [0.4625000059604645, 0.6299999952316284, 0.6575000286102295, 0.550000011920929, 0.6362500190734863, 0.5087500214576721, 0.6787499785423279, 0.8162500262260437, 0.7887499928474426, 0.6100000143051147, 0.22750000655651093, 0.8112499713897705, 0.5899999737739563], "val_loss": [1.8961071968078613, 1.6131072044372559, 1.7632030248641968, 2.939777135848999, 1.4326529502868652, 2.8198459148406982, 1.4493141174316406, 0.8557551503181458, 1.1029266119003296, 2.8341176509857178, 11.112448692321777, 0.9163028597831726, 3.0153286457061768]}