{"accuracy": [0.349152535200119, 0.3602905571460724, 0.4392251670360565, 0.6266343593597412, 0.7859564423561096, 0.8276029229164124, 0.8615012168884277, 0.8813559412956238, 0.8828087449073792, 0.9152542352676392, 0.9292978048324585, 0.9389830231666565, 0.9384987950325012, 0.960774838924408, 0.9578692317008972, 0.9709442853927612, 0.9762712121009827, 0.9753026366233826], "loss": [1.0977731943130493, 1.0999224185943604, 1.0486010313034058, 0.838327169418335, 0.5942754745483398, 0.46991288661956787, 0.3919893801212311, 0.3298942446708679, 0.31300103664398193, 0.23970051109790802, 0.2141495943069458, 0.15670353174209595, 0.16297440230846405, 0.09972365200519562, 0.10972729325294495, 0.0791730284690857, 0.06025088578462601, 0.070042185485363], "val_accuracy": [0.4012500047683716, 0.4012500047683716, 0.6474999785423279, 0.6662499904632568, 0.8025000095367432, 0.8187500238418579, 0.8149999976158142, 0.7762500047683716, 0.8349999785423279, 0.7649999856948853, 0.856249988079071, 0.8274999856948853, 0.8725000023841858, 0.8100000023841858, 0.8224999904632568, 0.8287500143051147, 0.8387500047683716, 0.8100000023841858], "val_loss": [1.0848809480667114, 1.1029608249664307, 0.8752890825271606, 0.7987387776374817, 0.5716948509216309, 0.5273748636245728, 0.5044776797294617, 0.5914080142974854, 0.42946282029151917, 0.9415988922119141, 0.4574815630912781, 1.121883511543274, 0.42565348744392395, 0.7923906445503235, 0.9294410943984985, 0.6971138715744019, 1.0469260215759277, 0.809773325920105]}